genre,tracks,views_sum,views_mean,streams_sum,streams_mean,freq_z,views_z,score
acid jazz,10,218940890.0,21894089.0,714961220.0,71496122.0,-0.6959823632690603,-0.43193442196256576,-0.5903631867464625
acid rock,50,412231056.0,8412878.693877552,5561928969.0,111238579.38,-0.28329882613175633,-0.416570291406585,-0.3366074122416878
acoustic country,117,6790001864.0,62870387.62962963,17748733113.0,151698573.6153846,0.40794609857322783,0.09038205582371713,0.2809204814734235
acoustic pop,20,2360499469.0,118024973.45,4205669849.0,210283492.45,-0.5928114789847343,-0.2617075227780693,-0.46036989650206833
adult standards,80,763206257.0,9540078.2125,8192149315.0,103698092.59493671,0.026213826721221654,-0.38867218918199703,-0.13974057964006584
afro r&b,52,2648192814.0,50926784.884615384,3081688246.0,59263235.5,-0.26266464927489114,-0.2388395300387656,-0.25313460158044093
afro soul,20,162984323.0,8149216.15,102862794.0,5143139.7,-0.5928114789847343,-0.4363822633537956,-0.5302397927323588
afrobeat,70,4352016622.0,62171666.02857143,4999794501.0,71425635.72857143,-0.07695705756310434,-0.1034070247425559,-0.08753704443488497
afrobeats,89,4662480573.0,52387422.16853932,5364781303.0,60278441.60674157,0.11906762257711505,-0.07872905599328385,0.03994895114895548
afropiano,42,2663234058.0,63410334.71428572,2539136984.0,60455642.47619048,-0.3658355335592171,-0.23764394083046433,-0.314558896467716
afropop,62,3785785615.0,61061058.30645161,4029567892.0,64993030.51612903,-0.15949376499056514,-0.14841524888776378,-0.15506235854944458
afroswing,40,2183391067.0,54584776.675,2314063395.0,57851584.875,-0.3864697104160823,-0.2757854071691931,-0.3421959891173266
agronejo,158,5244510087.0,60281725.137931034,10901760638.0,70333939.6,0.8309467241389644,-0.032465049781348496,0.4855820145708392
alt country,10,197527798.0,19752779.8,1151168653.0,115116865.3,-0.6959823632690603,-0.4336364927295557,-0.5910440150532584
alternative dance,10,76055171.0,7605517.1,582030046.0,58203004.6,-0.6959823632690603,-0.4432920346478442,-0.5949062318205739
alternative hip hop,52,182431301.0,3508294.25,1771439684.0,34066147.76923077,-0.26266464927489114,-0.43483647385454455,-0.3315333791067525
alternative metal,239,25623647339.0,107211913.55230126,37682848996.0,158999362.85232067,1.6666308868420048,1.5874193542600785,1.6349462738092342
alternative r&b,19,558196260.0,29378750.52631579,1471766148.0,77461376.21052632,-0.6031285674131669,-0.40496789850012765,-0.5238642998479512
alternative rock,160,14836484055.0,92728025.34375,35356583412.0,226644765.46153846,0.8515809009958296,0.7299759133761905,0.8029389059479739
alté,9,224549840.0,24949982.222222224,600115190.0,66679465.55555555,-0.7062994516974929,-0.4314885811737386,-0.5963751034879912
amapiano,8,466130385.0,58266298.125,203074676.0,25384334.5,-0.7166165401259255,-0.41228597449190163,-0.5948843138723159
ambient,30,78321615.0,2610720.5,1212007579.0,40400252.63333333,-0.48964059470040827,-0.4431118809326582,-0.4710291091933082
ambient folk,10,46704304.0,4670430.4,784326002.0,78432600.2,-0.6959823632690603,-0.4456250584216415,-0.5958394413300928
americana,10,71140156.0,7114015.6,374167371.0,37416737.1,-0.6959823632690603,-0.4436827163555965,-0.5950625045036748
anatolian rock,40,939735073.0,23493376.825,1336330948.0,33408273.7,-0.3864697104160823,-0.3746403745685381,-0.3817379760770646
anime,110,7187907486.0,66554698.94444445,5811814963.0,52834681.481818184,0.3357264795741996,0.12201053466400494,0.2502401016101217
anti-folk,10,217537416.0,21753741.6,664349009.0,66434900.9,-0.6959823632690603,-0.4320459804459287,-0.5904078101398076
aor,70,2625772910.0,37511041.571428575,8982133548.0,128316193.54285714,-0.07695705756310434,-0.24062162966254344,-0.14242288640287998
arabesk,50,1653908507.0,33078170.14,1294575375.0,25891507.5,-0.28329882613175633,-0.31787259322373296,-0.297128332968547
argentine rock,178,5568732909.0,31461767.84745763,9725607579.0,58587997.46385542,1.0372884927076165,-0.006693424304879597,0.619695725902618
argentine trap,118,15917437168.0,137219285.93103448,14217385550.0,120486318.22033899,0.41826318700166043,0.8158980536315089,0.5773171336535998
arrocha,219,10918015807.0,77985827.19285715,16210061312.0,74358079.41284403,1.4602891182733528,0.4185071046539862,1.0435763128256061
art pop,66,6495391492.0,98415022.60606061,7802575955.0,150049537.59615386,-0.11822541127683474,0.06696424667064282,-0.044149548097843716
art rock,80,2696490982.0,33706137.275,8810429177.0,163156095.87037036,0.026213826721221654,-0.2350004347856388,-0.07827187788152254
axé,27,992886106.0,36773559.481481485,461634519.0,17097574.777777776,-0.5205918599857061,-0.3704155377488665,-0.46052133109097027
azonto,14,802973260.0,57355232.85714286,524827523.0,37487680.21428572,-0.6547140095553299,-0.385511213957256,-0.5470328913161003
bacardi,9,426408073.0,47378674.777777776,846602925.0,105825365.625,-0.7062994516974929,-0.4154433973457544,-0.5899570299567976
bachata,51,18096638427.0,361932768.54,10473252202.0,205357886.3137255,-0.27298173770332373,0.9891170711527293,0.2318577858390975
banda,559,33625857250.0,60369582.13644524,37032728555.0,67332233.73636363,4.968099183940437,2.223494123883728,3.8702571599177533
bangla pop,57,3800240647.0,70374826.7962963,1755263035.0,32504871.01851852,-0.21107920713272812,-0.14726625614056485,-0.18555402673586283
baroque pop,60,1287790191.0,21463169.85,6889851070.0,125270019.45454545,-0.18012794184743033,-0.3469743821163961,-0.24686651795501663
bass house,10,160641499.0,16064149.9,555055651.0,55505565.1,-0.6959823632690603,-0.4365684883157302,-0.5922168132877282
bebop,10,32084078.0,3208407.8,413724337.0,41372433.7,-0.6959823632690603,-0.4467871820085287,-0.5963042907648477
bedroom pop,90,1689903114.0,18776701.266666666,13050393702.0,145004374.46666667,0.12938471100554763,-0.3150114759061597,-0.04837376375913531
bhajan,76,12577815134.0,174691876.8611111,1662010303.0,21868556.61842105,-0.015054526992508742,0.5504402189168037,0.21114337137121625
bhangra,62,7771701298.0,125350020.93548387,2673819226.0,43126116.548387095,-0.15949376499056514,0.1684147803168421,-0.028330346867602232
bhojiwood,10,1485497672.0,148549767.2,29611668.0,2961166.8,-0.6959823632690603,-0.3312591307260171,-0.550093070251843
bhojpuri pop,10,1485497672.0,148549767.2,29611668.0,2961166.8,-0.6959823632690603,-0.3312591307260171,-0.550093070251843
big band,57,534119888.0,9370524.350877194,6243923467.0,111498633.33928572,-0.21107920713272812,-0.4068816664396842,-0.2894001908555106
big beat,20,693344172.0,34667208.6,1027479741.0,64217483.8125,-0.5928114789847343,-0.39422534388751385,-0.5133770249458461
big room,49,846859025.0,20655098.17073171,3745436861.0,79690145.9787234,-0.29361591456018893,-0.38202284909647416,-0.328978688374703
bluegrass,10,197527798.0,19752779.8,1151168653.0,115116865.3,-0.6959823632690603,-0.4336364927295557,-0.5910440150532584
blues,69,986507450.0,14297209.420289855,5288487318.0,77771872.3235294,-0.08727414599153693,-0.37092256045769734,-0.20073351177800108
blues rock,99,2298879133.0,23457950.336734693,10633121327.0,108501238.03061225,0.22223850686144103,-0.2666055623772872,0.026700879165949723
bolero,230,10412071800.0,46275874.666666664,14473991070.0,65493172.26244344,1.5737770909861113,0.37829093671110164,1.0955826292761073
bollywood,565,74967977538.0,138062573.73480663,18900134528.0,33630132.61209965,5.030001714511032,5.509671308737984,5.221869552201813
boom bap,55,883322271.0,16666457.943396226,1398061900.0,25419307.272727273,-0.23171338398959332,-0.3791244808885497,-0.29067782274917586
bossa nova,61,241607268.0,3960774.8852459015,1885419566.0,33077536.245614037,-0.16981085341899774,-0.43013273076414643,-0.2739396043570572
brazilian bass,12,595636453.0,49636371.083333336,1371461515.0,114288459.58333333,-0.6753481864121951,-0.4019918753262787,-0.5660056619778285
brazilian funk,82,4882166794.0,61027084.925,3489660033.0,43082222.62962963,0.046848003578086855,-0.0612667719534738,0.0036020933654625914
brazilian gospel,20,530938098.0,26546904.9,452009428.0,22600471.4,-0.5928114789847343,-0.40713457861816366,-0.518540718838106
brazilian hip hop,142,10427339255.0,75016829.17266187,7214107068.0,50803570.90140845,0.6658733092840428,0.3795045068410873,0.5513257883068605
brazilian jazz,43,107105713.0,2490830.534883721,1393611743.0,33181231.976190478,-0.3555184451307845,-0.44082390814666483,-0.38964063033713664
brazilian phonk,10,49293254.0,4929325.4,251778634.0,25177863.4,-0.6959823632690603,-0.44541926954667665,-0.5957571257801069
brazilian pop,167,5996478014.0,37713698.20125786,8552402938.0,52148798.40243903,0.9238005199948578,0.027306917119120668,0.5652030788445629
brazilian rock,109,2520368236.0,23122644.366972476,5094089312.0,48057446.33962264,0.325409391145767,-0.2489999719551699,0.09564564590539223
brazilian trap,117,7672091316.0,66713837.53043478,5772887627.0,49340919.88888889,0.40794609857322783,0.16049704295959397,0.3089664763277743
breakbeat,10,461543148.0,46154314.8,624159329.0,62415932.9,-0.6959823632690603,-0.41265060198236186,-0.5826496587543809
brega,65,3732900170.0,57429233.384615384,3237564525.0,49808685.0,-0.12854249970526732,-0.15261897481084638,-0.13817308974749895
britpop,50,1922658914.0,38453178.28,5853761393.0,139375271.26190478,-0.28329882613175633,-0.29651032516028186,-0.28858342574316653
brooklyn drill,28,2500489288.0,89303188.85714285,8587529705.0,306697489.46428573,-0.5102747715572735,-0.25058009762171596,-0.4063969019830505
c-pop,40,1603444369.0,41113958.179487176,1410914087.0,35272852.175,-0.3864697104160823,-0.3218838557761539,-0.3606353685601109
candombe,10,96659406.0,9665940.6,295398186.0,29539818.6,-0.6959823632690603,-0.4416542578116129,-0.5942511210860814
cantopop,20,773808609.0,38690430.45,739863014.0,36993150.7,-0.5928114789847343,-0.38782943590747987,-0.5108186617538326
canzone napoletana,27,367829110.0,13623300.370370371,484349691.0,17938877.444444444,-0.5205918599857061,-0.42009968614715143,-0.4803949904502843
ccm,88,3370068734.0,38296235.61363637,4894403517.0,62748763.038461536,0.10875053414868245,-0.18145949819535198,-0.007333478788931327
cedm,10,252404532.0,25240453.2,257284273.0,25728427.3,-0.6959823632690603,-0.42927448444372374,-0.5892992117389257
celtic,29,726552317.0,25053528.172413792,1358901404.0,52265438.615384616,-0.4999576831288409,-0.39158571515802154,-0.4566088959405132
celtic punk,10,318467097.0,31846709.7,581697503.0,58169750.3,-0.6959823632690603,-0.4240233436613056,-0.5871987554259585
celtic rock,20,859395207.0,42969760.35,1090898583.0,54544929.15,-0.5928114789847343,-0.3810263807250748,-0.5080974396808705
cha cha cha,9,368736150.0,40970683.333333336,365965185.0,40662798.333333336,-0.7062994516974929,-0.4200275879061085,-0.5917907061809391
chamber music,71,365316780.0,5218811.142857143,1582577501.0,22289823.95774648,-0.06663996913467174,-0.42029938469839434,-0.20810373536016077
chanson,29,1712871672.0,59064540.4137931,1533758686.0,52888230.551724136,-0.4999576831288409,-0.3131857652086241,-0.4252489159607542
chicago drill,37,1935507002.0,52311000.05405405,4211156047.0,116976556.8611111,-0.4174209757013801,-0.29548906419542387,-0.3686482110989976
chicha,20,1087140689.0,54357034.45,921674812.0,46083740.6,-0.5928114789847343,-0.3629234870735542,-0.5008562822202622
children's music,100,20573149378.0,205731493.78,2077825327.0,20778253.27,0.23255559528987363,1.1859684597250792,0.6139207410639559
chilean mambo,74,2243322038.0,30315162.675675675,3309720634.0,44725954.51351351,-0.03568870384937394,-0.2710216507823798,-0.12982188262257627
chilean trap,74,2243322038.0,30315162.675675675,3309720634.0,44725954.51351351,-0.03568870384937394,-0.2710216507823798,-0.12982188262257627
chillstep,10,85702473.0,8570247.3,847353100.0,84735310.0,-0.6959823632690603,-0.44252519580390126,-0.5945994962829967
chillwave,10,85702473.0,8570247.3,847353100.0,84735310.0,-0.6959823632690603,-0.44252519580390126,-0.5945994962829967
chinese hip hop,10,122994604.0,12299460.4,244897955.0,24489795.5,-0.6959823632690603,-0.43956094169179744,-0.5934137946381551
chinese r&b,10,641639156.0,64163915.6,509924223.0,50992422.3,-0.6959823632690603,-0.3983352405918453,-0.5769235141981743
chinese rock,10,251532669.0,25153266.9,205821136.0,20582113.6,-0.6959823632690603,-0.42934378655689454,-0.589326932584194
choral,30,297767318.0,9925577.266666668,473378236.0,15779274.533333333,-0.48964059470040827,-0.42566871504060255,-0.464051842836486
christian,176,10226575855.0,58105544.63068182,8859383616.0,54352046.72392638,1.016654315850751,0.3635463484293314,0.7554111288821832
christian alternative rock,40,2039171117.0,50979277.925,3339205472.0,83480136.8,-0.3864697104160823,-0.2872490743925789,-0.3467814560066809
christian country,48,1609692623.0,33535262.979166668,3465837560.0,73741224.68085106,-0.3039330029886215,-0.3213871983817838,-0.31091468114588644
christian hip hop,45,2358044520.0,52400989.333333336,4341124971.0,96469443.8,-0.3348842682739193,-0.2619026602634615,-0.3056916250697362
christian pop,55,2151384446.0,39116080.836363636,2223238109.0,40422511.07272727,-0.23171338398959332,-0.27832952989346965,-0.25035984235114384
christian rock,40,2039171117.0,50979277.925,3339205472.0,83480136.8,-0.3864697104160823,-0.2872490743925789,-0.3467814560066809
christmas,322,11167408286.0,35228417.30599369,32420912352.0,102597823.89873418,2.5229492264019107,0.43833066157014966,1.6891018004692062
city pop,10,2903446.0,290344.6,95888322.0,9588832.2,-0.6959823632690603,-0.4491066742467113,-0.5972320876601207
classic blues,10,50620177.0,5062017.7,447201458.0,44720145.8,-0.6959823632690603,-0.44531379590240583,-0.5957149363223986
classic country,137,3930117232.0,30704040.875,12102302710.0,89646686.74074075,0.6142878671418798,-0.13694270554614438,0.3137956380666701
classic rock,449,28858890243.0,64417165.72098214,85763807997.0,204686892.59427208,3.8332194568128504,1.84458036449671,3.0377638198863943
classic soul,136,1825250432.0,13420959.05882353,15708431628.0,119003269.9090909,0.6039707787134472,-0.3042530710313155,0.24068123881554207
classical,298,2337502713.0,7977824.959044369,7040738826.0,23706191.333333332,2.275339104119528,-0.26353547486099127,1.25978927252732
classical piano,117,1607124796.0,13974998.226086957,2891088062.0,24710154.376068376,0.40794609857322783,-0.3215913082446372,0.11613113584608181
cloud rap,83,2355190458.0,28375788.65060241,8306794280.0,100081858.79518072,0.05716509200651945,-0.2621295221990183,-0.07055275367569566
cold wave,10,128394292.0,12839429.2,695390060.0,77265562.22222222,-0.6959823632690603,-0.4391317345929036,-0.5932421117985976
colombian pop,109,26357248434.0,241809618.66055045,18366925347.0,168503902.26605505,0.325409391145767,1.645731389646247,0.8535381905459591
comedy,10,176709784.0,17670978.4,858152107.0,85815210.7,-0.6959823632690603,-0.43529126230025506,-0.5917059228815382
cool jazz,35,95914745.0,2740421.285714286,1440581004.0,42370029.52941176,-0.4380551525582453,-0.4417134489699667,-0.43951847112293385
corrido,428,21911314891.0,51435011.481220655,25972798604.0,61401415.139479905,3.616560599815766,1.2923357419966612,2.686870656688124
corridos bélicos,227,9710399990.0,42966371.63716814,12712388609.0,56001711.933920704,1.5428258257008136,0.32251687681251734,1.0547022461454951
corridos tumbados,179,5310781893.0,29835853.331460673,8791365850.0,49113775.698324025,1.047605581136049,-0.027197276978232238,0.6176844378903364
country,561,27462228235.0,49750413.4692029,68503741666.0,122766562.12544803,4.988733360797301,1.7335633485897022,3.6866653559142613
country hip hop,30,1954882575.0,65162752.5,1527864606.0,50928820.2,-0.48964059470040827,-0.29394895049316266,-0.41136393701751
country rock,68,2246755628.0,33040523.94117647,8168987932.0,120132175.47058824,-0.09759123441996953,-0.27074872367942665,-0.1668542301237524
crunk,65,2095900415.0,32244621.769230768,2359314424.0,36864287.875,-0.12854249970526732,-0.28273981063199455,-0.1902214240759582
cuarteto,86,3514080589.0,41834292.72619048,2904998736.0,33779055.069767445,0.08811635729181724,-0.17001237190011684,-0.015135134384956402
cumbia,202,13898586914.0,69492934.57,8252234180.0,41677950.4040404,1.2848986149899988,0.6554249187725381,1.0331091365030145
cumbia norteña,166,4399993761.0,26505986.512048192,7432426436.0,46744820.35220126,0.9134834315664252,-0.09959344724633483,0.5082526800413212
cumbia sonidera,28,6518071954.0,232788284.07142857,2038437026.0,72801322.35714285,-0.5102747715572735,0.06876705736944454,-0.27865803998658634
dance,10,2811516040.0,281151604.0,4553057455.0,455305745.5,-0.6959823632690603,-0.22585739329059837,-0.5079323752776755
dance pop,18,1020227614.0,56679311.88888889,2121429121.0,117857173.3888889,-0.6134456558415995,-0.3682422326749322,-0.5153642865749326
dancehall,74,6491848223.0,87727678.6891892,5646740309.0,76307301.47297297,-0.03568870384937394,0.06668260147038489,0.005259818278529595
dark ambient,10,34623310.0,3462331.0,255199435.0,25519943.5,-0.6959823632690603,-0.44658534508755504,-0.5962235559964582
dark r&b,10,497452860.0,49745286.0,1874594480.0,187459448.0,-0.6959823632690603,-0.40979623274665194,-0.5815079110600969
darkwave,40,2023539304.0,51885623.179487176,1851701597.0,84168254.4090909,-0.3864697104160823,-0.2884916063885351,-0.3472784688050634
death metal,40,346005249.0,8650131.225,1421489019.0,35537225.475,-0.3864697104160823,-0.42183440786930865,-0.40061558939737285
deathrock,10,11276479.0,1127647.9,115151275.0,11515127.5,-0.6959823632690603,-0.4484411237180748,-0.5969658674486661
dembow,36,6865187711.0,190699658.6388889,3699188965.0,102755249.02777778,-0.4277380641298127,0.09635838246865358,-0.21809948549042618
dembow belico,59,1089273528.0,18780578.068965517,2428636417.0,41163329.10169491,-0.19044503027586293,-0.36275395327093496,-0.25936859947389174
desi,433,59456449976.0,140892061.55450237,16473170341.0,38578853.257611245,3.668146041957929,4.276700488146616,3.9115678204334037
desi hip hop,78,8728793810.0,111907612.94871795,3479728372.0,48329560.722222224,0.005579649864356456,0.24449156483633783,0.10114441585314901
desi pop,72,18257815969.0,257152337.5915493,3573830103.0,49636529.208333336,-0.056322880706239135,1.0019286530827696,0.3669777328093644
devotional,80,10953968673.0,158753169.17391303,1611394426.0,20142430.325,0.026213826721221654,0.42136490408846794,0.18427425766812017
disco,99,10443796311.0,117346025.96629213,11019072736.0,118484653.07526882,0.22223850686144103,0.3808126352481532,0.2856681582161259
disco house,27,945444085.0,35016447.59259259,1450494415.0,58019776.6,-0.5205918599857061,-0.3741865801126233,-0.462029748036473
djent,10,89758418.0,8975841.8,286906997.0,28690699.7,-0.6959823632690603,-0.44220279932715617,-0.5944705376922986
doom metal,10,302115372.0,30211537.2,121524221.0,60762110.5,-0.6959823632690603,-0.4253230995822328,-0.5877186577943293
downtempo,40,827265558.0,20681638.95,2236769602.0,58862357.94736842,-0.3864697104160823,-0.3835802826238079,-0.38531393929917257
dream pop,40,242135553.0,6053388.825,3865826581.0,96645664.525,-0.3864697104160823,-0.4300907387690091,-0.40391812175725306
drift phonk,40,399126570.0,9978164.25,1556226191.0,38905654.775,-0.3864697104160823,-0.41761193277892994,-0.3989265993612213
drill,117,5640685765.0,48210989.44444445,14930063764.0,128707446.2413793,0.40794609857322783,-0.0009740796722112092,0.2443780272750522
drum and bass,20,87369197.0,4368459.85,295307065.0,15542477.105263159,-0.5928114789847343,-0.4423927122654641,-0.5326439722970262
dubstep,21,2581717119.0,122938910.42857143,2515025446.0,125751272.3,-0.5824943905563017,-0.24412350944607572,-0.4471460381122113
duranguense,40,674219721.0,16855493.025,1398586916.0,34964672.9,-0.3864697104160823,-0.3957454965577509,-0.3901800248727497
east coast hip hop,252,13000218106.0,51588167.08730159,24086265414.0,97122037.95967741,1.8007530364116286,0.5840159281385665,1.3140581931024038
edm,173,27782642337.0,168379650.52727273,42259566131.0,251545036.4940476,0.9857030505654534,1.7590322288590963,1.2950347218829106
electro,33,4191311681.0,127009444.87878788,6779423962.0,205437089.75757575,-0.4586893294151105,-0.1161810408532109,-0.3216860139903506
electro corridos,96,2202060767.0,23179587.021052632,3889417227.0,40514762.78125,0.19128724157614324,-0.274301401468453,0.005051784358304737
electro house,25,2295407142.0,91816285.68,3092550062.0,140570457.36363637,-0.5412260368425713,-0.26688154187545365,-0.4314882388557243
electroclash,10,76055171.0,7605517.1,582030046.0,58203004.6,-0.6959823632690603,-0.4432920346478442,-0.5949062318205739
electrocumbia,19,1339830588.0,70517399.36842105,1562432636.0,82233296.63157895,-0.6031285674131669,-0.34283782685215636,-0.4990122711887627
electronic,39,4709456319.0,120755290.23076923,7486078166.0,191950722.2051282,-0.3967867988445149,-0.07499507661169137,-0.26807010995138547
electronica,44,2415592427.0,54899827.88636363,5136906622.0,116747877.77272727,-0.3452013567023519,-0.25732832741110395,-0.3100521449858527
emo,139,11487305759.0,82642487.47482014,27156548478.0,196786583.17391303,0.634922043998745,0.46375847634940914,0.5664566169390106
emo rap,111,7508254094.0,67641928.77477477,29460238525.0,265407554.2792793,0.34604356800263225,0.14747405001158648,0.26661576080621396
eurodance,80,6906154560.0,86326932.0,5551130610.0,72092605.32467532,0.026213826721221654,0.09961473031877209,0.05557418816024183
europop,58,5496724857.0,94771118.22413793,3156998159.0,56374967.125,-0.20076211870429553,-0.012417156323454456,-0.1254241337519591
experimental hip hop,33,143654801.0,4353175.787878788,1460834629.0,44267716.03030303,-0.4586893294151105,-0.4379187165823199,-0.45038108428199425
flamenco,70,2966474391.0,42378205.58571429,2349548057.0,36146893.18461538,-0.07695705756310434,-0.21354015861295061,-0.13159029798304286
flamenco pop,61,2784185075.0,45642378.27868853,2297418282.0,37662594.78688525,-0.16981085341899774,-0.22802986032899358,-0.1930984561829961
folk,80,1606639913.0,22951998.757142857,10237818257.0,127972728.2125,0.026213826721221654,-0.32162985032813035,-0.11292364409851915
folk metal,20,1000116172.0,50005808.6,848649829.0,47147212.722222224,-0.5928114789847343,-0.36984083868242584,-0.5036232228638109
folk pop,50,9114824094.0,182296481.88,11356682243.0,236597546.72916666,-0.28329882613175633,0.27517610406912174,-0.059908854051405086
folk punk,10,318467097.0,31846709.7,581697503.0,58169750.3,-0.6959823632690603,-0.4240233436613056,-0.5871987554259585
folk rock,90,4475885180.0,55948564.75,11437008413.0,127077871.25555556,0.12938471100554763,-0.09356103652558126,0.040206411993096075
folklore argentino,19,989529728.0,52080512.0,732843941.0,38570733.7368421,-0.6031285674131669,-0.3706823274715636,-0.5101500714365256
forró,136,12139641062.0,94840945.796875,8537446120.0,63240341.62962963,0.6039707787134472,0.5156109061391754,0.5686268296837385
forró tradicional,28,2290379084.0,81799253.0,820736716.0,30397656.14814815,-0.5102747715572735,-0.2672812090760863,-0.41307734656479866
free jazz,10,32084078.0,3208407.8,413724337.0,41372433.7,-0.6959823632690603,-0.4467871820085287,-0.5963042907648477
french house,26,2893801249.0,111300048.03846154,4552028219.0,197914270.39130434,-0.5309089484141387,-0.2193167568988734,-0.4062720718080326
french indie pop,9,541493851.0,60165983.44444445,899442899.0,99938099.8888889,-0.7062994516974929,-0.40629552937647234,-0.5862978827690847
french jazz,10,46123932.0,4612393.2,363372107.0,36337210.7,-0.6959823632690603,-0.4456711906763938,-0.5958578942319936
french pop,56,9089842645.0,162318618.6607143,4731437424.0,84489954.0,-0.22139629556116072,0.2731903939222663,-0.02356161976778992
french r&b,125,10107501187.0,80860009.496,6442336614.0,51954327.53225806,0.4904828060006886,0.35408141401015325,0.4359222492044744
french rap,224,12217814561.0,54788406.10313901,10688609352.0,47930983.6412556,1.5118745604155157,0.5218247134399245,1.1158546216252792
funk,123,8781763051.0,72576554.14049587,7071014190.0,58925118.25,0.4698486291438234,0.2487019514846436,0.38138995808015147
funk carioca,35,3391941670.0,96912619.14285715,2828751290.0,80821465.42857143,-0.4380551525582453,-0.1797208756295945,-0.334721441786785
funk consciente,71,3892166661.0,56408212.47826087,2548703967.0,36410056.67142857,-0.06663996913467174,-0.13995929733446133,-0.09596770041458758
funk melody,10,823953858.0,82395385.8,870328657.0,87032865.7,-0.6959823632690603,-0.38384352100895286,-0.5711268263650173
funk pop,32,3285999565.0,102687486.40625,3026534169.0,94579192.78125,-0.4690064178435431,-0.1881419369090153,-0.356660625469732
funk rock,30,5079136495.0,169304549.83333334,9276597824.0,331307065.14285713,-0.48964059470040827,-0.04561016476872706,-0.3120284227277358
funky house,19,241897830.0,12731464.736842105,998685780.0,58746222.35294118,-0.6031285674131669,-0.4301096347495121,-0.533920994347705
future bass,24,1117612810.0,46567200.416666664,2424905880.0,110222994.54545455,-0.5515431252710039,-0.3605013377472318,-0.47512641026149505
future house,16,100464737.0,6279046.0625,605278215.0,37829888.4375,-0.6340798326984647,-0.44135178198729846,-0.5569886124139982
g-funk,133,8457176107.0,63587790.278195485,13896376375.0,106079208.96946564,0.5730195134281494,0.22290138290122788,0.43297226121738075
gangster rap,174,9543215746.0,54846067.505747125,20630204386.0,122072215.30177514,0.996020138993886,0.30922783782582136,0.7213032185266601
garage rock,40,4079348470.0,101983711.75,12921577021.0,323039425.525,-0.3864697104160823,-0.1250807041256343,-0.2819141078999031
german hip hop,152,3412716859.0,22452084.59868421,7371154180.0,48815590.59602649,0.7690441935683688,-0.17806951010631603,0.3901987120984948
german indie,10,263585987.0,26358598.7,644423267.0,64442326.7,-0.6959823632690603,-0.4283856997839505,-0.5889436978750164
german pop,77,1144311576.0,14861189.2987013,2723278120.0,35367248.31168831,-0.004737438564076143,-0.3583791225564829,-0.14619411216103886
ghazal,101,8320409019.0,86670927.28125,1438849123.0,14682133.908163264,0.24287268371830623,0.2120301242165346,0.23053565991759759
glam metal,129,19182212402.0,148699320.94573644,21444031197.0,175770747.51639345,0.531751159714419,1.075406511661953,0.7492133004934325
glam rock,90,7673515798.0,85261286.64444445,18496136725.0,212599272.70114943,0.12938471100554763,0.16061027131401862,0.14187493512893604
gospel,65,2944260597.0,45296316.87692308,2647919944.0,49035554.518518515,-0.12854249970526732,-0.2153058750910443,-0.1632478498595781
gospel r&b,20,395182235.0,19759111.75,437954271.0,21897713.55,-0.5928114789847343,-0.4179254576682227,-0.5228570704581297
gothic metal,10,459188062.0,45918806.2,339448749.0,42431093.625,-0.6959823632690603,-0.4128378016186567,-0.5827245386088988
gothic rock,50,1223123394.0,24462467.88,1466890557.0,38602383.078947365,-0.28329882613175633,-0.35211457694526854,-0.3108251264571612
gregorian chant,10,2349097.0,234909.7,106527038.0,10652703.8,-0.6959823632690603,-0.44915073800114763,-0.5972497131618952
grime,72,2261253295.0,31406295.763888888,6182245036.0,87073873.74647887,-0.056322880706239135,-0.26959634198741067,-0.14163226521870775
groove metal,50,1909688286.0,38193765.72,3397314358.0,67946287.16,-0.28329882613175633,-0.29754132650975074,-0.28899582628295406
grunge,70,7965468017.0,113792400.24285714,15186947291.0,226670855.08955225,-0.07695705756310434,0.18381679082636815,0.02735248179268466
grupera,391,23029820623.0,59202623.70951157,26197888554.0,68941811.98421052,3.23482832796376,1.3812428418749902,2.493394133528252
guaracha,18,395205512.0,21955861.777777776,390480945.0,21693385.833333332,-0.6134456558415995,-0.417923607440276,-0.5352368364810701
gufeng,10,641639156.0,64163915.6,509924223.0,50992422.3,-0.6959823632690603,-0.3983352405918453,-0.5769235141981743
gujarati garba,68,11149885738.0,168937662.6969697,2718541724.0,39978554.76470588,-0.09759123441996953,0.4369378399863271,0.11622039534254916
gujarati pop,25,3528173482.0,147007228.41666666,1031456115.0,41258244.6,-0.5412260368425713,-0.1688921646363729,-0.392292487960092
happy hardcore,10,243576231.0,24357623.1,461041103.0,46104110.3,-0.6959823632690603,-0.42997622303683714,-0.589579907176171
harana,50,479338384.0,11983459.6,2957116958.0,59142339.16,-0.28329882613175633,-0.4112361051414906,-0.33447373773565003
hard bop,10,32084078.0,3208407.8,413724337.0,41372433.7,-0.6959823632690603,-0.4467871820085287,-0.5963042907648477
hard rock,249,23873100522.0,95875905.71084337,36739271590.0,167759231.00456622,1.7698017711263307,1.4482729589864332,1.6411902462703716
hardcore hip hop,83,2120185757.0,25544406.710843373,4227887111.0,51559598.914634146,0.05716509200651945,-0.28080943221282223,-0.07802471768121724
hardcore punk,20,620274331.0,31013716.55,1915008354.0,95750417.7,-0.5928114789847343,-0.40003347474104495,-0.5157002772872585
hardcore techno,10,461543148.0,46154314.8,624159329.0,62415932.9,-0.6959823632690603,-0.41265060198236186,-0.5826496587543809
hardstyle,20,26539217.0,1396800.894736842,151645292.0,7582264.6,-0.5928114789847343,-0.4472279285301017,-0.5345780588028812
heavy metal,129,8003034936.0,62039030.511627905,11652778016.0,102217351.01754385,0.531751159714419,0.18680288711903703,0.3937718506762662
hi-nrg,10,85519685.0,8551968.5,628364358.0,62836435.8,-0.6959823632690603,-0.4425397251447063,-0.5946053080193188
hindi hip hop,51,7368920842.0,144488643.96078432,1553551491.0,34523366.46666667,-0.27298173770332373,0.1363988136515672,-0.10922951716136735
hindi indie,18,865242574.0,54077660.875,671834412.0,37324134.0,-0.6134456558415995,-0.3805615887914969,-0.5202920290215585
hindi pop,576,76369985065.0,137851958.60108304,19343046019.0,33757497.41535777,5.1434896872237905,5.621113225991527,5.334539102730885
hip hop,262,25153449704.0,96005533.22137405,49999482173.0,193048193.7181467,1.9039239206959546,1.5500445720828342,1.7623721812507065
hiplife,8,466130385.0,58266298.125,203074676.0,25384334.5,-0.7166165401259255,-0.41228597449190163,-0.5948843138723159
honky tonk,30,859042182.0,28634739.4,1996839585.0,68856537.4137931,-0.48964059470040827,-0.38105444176046926,-0.44620613352443267
horror punk,20,102729468.0,5136473.4,426005417.0,21300270.85,-0.5928114789847343,-0.4411717644340093,-0.5321555931644444
horrorcore,94,1976719971.0,21028935.86170213,6744988873.0,73315096.44565217,0.17065306471927805,-0.29221315290919947,-0.014493422332112968
house,73,1889059150.0,25877522.602739725,7790380173.0,109723664.40845071,-0.04600579227780654,-0.299181082661448,-0.14727590843126312
huayno,10,81670932.0,8167093.2,143660340.0,14366034.0,-0.6959823632690603,-0.44284565247041263,-0.5947276789496012
hyperpop,8,50644697.0,6330587.125,533886768.0,66735846.0,-0.7166165401259255,-0.445311846871635,-0.6080946628242093
hypertechno,10,25396406.0,2821822.888888889,40785278.0,4078527.8,-0.6959823632690603,-0.4473187675922649,-0.5965169249983422
hyphy,29,841302945.0,29010446.379310343,860604240.0,29676008.275862068,-0.4999576831288409,-0.38246448738706096,-0.45296040483212896
idm,10,31694827.0,3169482.7,385065807.0,38506580.7,-0.6959823632690603,-0.44681812255406606,-0.5963166669830626
indian indie,8,75070202.0,12511700.333333334,147227431.0,18403428.875,-0.7166165401259255,-0.4433703272616008,-0.6073180549801956
indie,110,5190412220.0,47185565.63636363,22269884341.0,204310865.51376146,0.3357264795741996,-0.03676514796320883,0.18672982855923623
indie folk,70,2455495992.0,35078514.17142857,10491651524.0,158964417.03030303,-0.07695705756310434,-0.25415649722958783,-0.14783683342969775
indie pop,10,53567101.0,5356710.1,409915122.0,40991512.2,-0.6959823632690603,-0.44507955260895987,-0.5956212390050202
indie rock,100,2595076901.0,25950769.01,11313242616.0,114275177.93939394,0.23255559528987363,-0.24306157526134622,0.04230872706938568
indonesian indie,30,789361512.0,26312050.4,1902917060.0,63430568.666666664,-0.48964059470040827,-0.38659317626136575,-0.4484216273247913
indonesian pop,90,2034808795.0,25435109.9375,3512853540.0,39031706.0,0.12938471100554763,-0.2875958239770106,-0.037407502987475666
indorock,20,504404636.0,25220231.8,667165703.0,33358285.15,-0.5928114789847343,-0.40924365422561154,-0.5193843490810852
industrial,30,2300622844.0,76687428.13333334,3324827177.0,114649213.0,-0.48964059470040827,-0.2664669593432565,-0.4003711405575475
industrial metal,40,2627180573.0,65679514.325,3921943160.0,100562645.12820514,-0.3864697104160823,-0.24050973820650928,-0.32808572153225307
industrial rock,40,2627180573.0,65679514.325,3921943160.0,100562645.12820514,-0.3864697104160823,-0.24050973820650928,-0.32808572153225307
italian singer-songwriter,30,738225730.0,24607524.333333332,932025278.0,32138802.689655174,-0.48964059470040827,-0.3906578260414801,-0.45004748723683696
italian trap,129,1873605393.0,14524072.813953489,4434788092.0,34646781.96875,0.531751159714419,-0.30040946145092245,0.1988869112482824
italo dance,82,4396719749.0,53618533.52439024,5760351381.0,74809758.19480519,0.046848003578086855,-0.09985368991077462,-0.011832673817457739
italo disco,10,2430398896.0,243039889.6,578775441.0,57877544.1,-0.6959823632690603,-0.2561513998544838,-0.5200499779032297
j-pop,150,9050105932.0,61565346.47619048,7855148204.0,52367654.693333335,0.7484100167115035,0.2700318263705289,0.5570587405751136
j-r&b,10,316615758.0,31661575.8,250164134.0,25016413.4,-0.6959823632690603,-0.42417050176400695,-0.587257618667039
j-rock,110,7508448782.0,69522673.9074074,5677199494.0,51610904.49090909,0.3357264795741996,0.14748952525231696,0.26043169784544656
jam band,29,171749878.0,5922409.586206896,1706347667.0,58839574.72413793,-0.4999576831288409,-0.4356855122763733,-0.4742488147878539
jangle pop,20,1639489026.0,81974451.3,3828806840.0,191440342.0,-0.5928114789847343,-0.31901876011477637,-0.4832943914367511
japanese classical,10,31166796.0,3116679.6,219062028.0,21906202.8,-0.6959823632690603,-0.44686009435940666,-0.5963334557051989
japanese indie,20,337167494.0,16858374.7,596031413.0,29801570.65,-0.5928114789847343,-0.42253689793619476,-0.5247016465653185
japanese vgm,10,9805194.0,980519.4,35199678.0,3519967.8,-0.6959823632690603,-0.4485580723207526,-0.5970126468897372
jazz,102,731999255.0,7176463.284313725,7845909750.0,77682274.75247525,0.2531897721467388,-0.39115275228001184,-0.004547237623961448
jazz blues,76,739647116.0,9732198.894736841,7026977781.0,92460233.96052632,-0.015054526992508742,-0.39054484378001086,-0.1652506537075096
jazz funk,10,62026808.0,6202680.8,426219829.0,42621982.9,-0.6959823632690603,-0.44440711259039556,-0.5953522629975945
jazz fusion,10,37222502.0,3722250.2,88251507.0,8825150.7,-0.6959823632690603,-0.4463787421027552,-0.5961409148025383
jazz rap,32,185312207.0,5791006.46875,1414367412.0,44198981.625,-0.4690064178435431,-0.43460747815952555,-0.45524684196993603
k-ballad,20,1741594125.0,87079706.25,1544285992.0,77214299.6,-0.5928114789847343,-0.3109026924227069,-0.48004796435992336
k-pop,268,45783916400.0,171475342.3220974,26852091687.0,110049556.0942623,1.9658264512665502,3.18990649733027,2.4554584696920383
k-rap,29,1180697530.0,40713707.93103448,1289428296.0,44463044.68965517,-0.4999576831288409,-0.35548689808780554,-0.44216936911242677
k-rock,10,98427.0,9842.7,0.0,,-0.6959823632690603,-0.4493296378822643,-0.5973212731143419
kannada pop,89,3843030115.0,45750358.51190476,1609277487.0,18081769.516853932,0.11906762257711505,-0.1438650330655484,0.01389456032004966
kayokyoku,10,291060574.0,29106057.4,228064393.0,22806439.3,-0.6959823632690603,-0.426201816607816,-0.5880701446045626
kollywood,238,12217232698.0,55786450.67579909,4465480337.0,18762522.42436975,1.656313798413572,0.5217784626694757,1.2024996641159333
kompa,9,459328285.0,51036476.11111111,292633782.0,32514864.666666668,-0.7062994516974929,-0.41282665565855153,-0.5889103332819163
kundiman,40,382347958.0,12744931.933333334,2552729062.0,63818226.55,-0.3864697104160823,-0.41894562083275544,-0.39946007458275157
latin,238,104815881798.0,447931118.7948718,73321402767.0,308073120.8697479,1.656313798413572,7.8822032764173615,4.1466695896150885
latin alternative,247,14128852556.0,57434359.98373984,19507525868.0,85559323.98245615,1.7491675942694656,0.673728133361555,1.3189918099063014
latin dance,28,3403845139.0,121565897.82142857,2067039911.0,73822853.96428572,-0.5102747715572735,-0.1787746999623592,-0.3776747429193078
latin folk,40,1235663970.0,31683691.53846154,2919558864.0,72988971.6,-0.3864697104160823,-0.35111775930628325,-0.3723289299721627
latin folklore,20,842778963.0,44356787.526315786,1496785668.0,74839283.4,-0.5928114789847343,-0.3823471625705725,-0.5086257524190696
latin hip hop,135,11415898658.0,85193273.56716418,9928589434.0,73545106.91851851,0.5936536902850146,0.4580825123565586,0.5394252191136322
latin indie,40,3455663384.0,88606753.43589744,3834982985.0,95874574.625,-0.3864697104160823,-0.1746558029804931,-0.30174414744184663
latin jazz,33,80759697.0,2447263.5454545454,1210502587.0,39048470.548387095,-0.4586893294151105,-0.44291808416105116,-0.4523808313134867
latin pop,518,78967939152.0,155755304.04733726,57785597540.0,113751176.25984251,4.5450985583747,5.827617812319586,5.0581062599526545
latin rock,306,14324222478.0,46964663.86229508,21559062945.0,75381338.96853147,2.357875811546989,0.6892575782911009,1.6904285182446337
liquid funk,10,83330849.0,8333084.9,252647161.0,25264716.1,-0.6959823632690603,-0.4427137100026303,-0.5946749019624883
lo-fi,38,288439557.0,7590514.657894737,1352447504.0,35590723.78947368,-0.4071038872729475,-0.4264101544048741,-0.41482639412571815
lo-fi beats,8,8656538.0,1082067.25,178159998.0,22269999.75,-0.7166165401259255,-0.44864937598670274,-0.6094296744702363
lo-fi hip hop,10,8790602.0,879060.2,186864016.0,18686401.6,-0.6959823632690603,-0.4486387195894246,-0.597044905797206
lo-fi indie,10,160626948.0,16062694.8,1804451441.0,180445144.1,-0.6959823632690603,-0.4365696449367231,-0.5922172759361255
lullaby,50,20064172549.0,401283450.98,1272219406.0,25444388.12,-0.28329882613175633,1.1455112206810345,0.28822519259336005
madchester,50,968475435.0,19369508.7,6762256063.0,153687637.79545453,-0.28329882613175633,-0.3723558782429767,-0.3189216469762445
malay,50,880220846.0,22005521.15,1536784311.0,30735686.22,-0.28329882613175633,-0.3793710050630366,-0.32172769770426846
malayalam pop,55,852098978.0,18523890.826086957,564571118.0,10264929.418181818,-0.23171338398959332,-0.38160633891561374,-0.2916705659600015
maluku,10,153307673.0,15330767.3,407124706.0,40712470.6,-0.6959823632690603,-0.43715143499362197,-0.592449991958885
mambo,62,1941025221.0,31306858.403225806,2316524896.0,37363304.77419355,-0.15949376499056514,-0.2950504353768605,-0.21371643314508326
mandopop,40,1603444369.0,41113958.179487176,1410914087.0,35272852.175,-0.3864697104160823,-0.3218838557761539,-0.3606353685601109
marathi pop,58,3738708723.0,67976522.23636363,1182806781.0,20393220.362068966,-0.20076211870429553,-0.15215726810077335,-0.18132017846288664
mariachi,172,15076020662.0,89738218.22619048,15889950297.0,94023374.53846154,0.9753859621370208,0.7490160527637506,0.8848379983877126
medieval,10,15028834.0,1502883.4,216059742.0,21605974.2,-0.6959823632690603,-0.44814285881766397,-0.5968465614885018
melbourne bounce,8,168419131.0,21052391.375,349285409.0,49897915.571428575,-0.7166165401259255,-0.4359502646578108,-0.6043500299386796
melodic bass,14,758144745.0,54153196.071428575,1141826044.0,81559003.14285715,-0.6547140095553299,-0.3890745155537311,-0.5484582119546904
melodic death metal,10,35773857.0,3577385.7,247888124.0,24788812.4,-0.6959823632690603,-0.4464938911109529,-0.5961869744058174
melodic rap,120,10272525769.0,85604381.40833333,39678205766.0,330651714.71666664,0.4388973638585256,0.367198787104003,0.4102179331567165
merengue,140,7062860535.0,50811946.29496403,8647032584.0,63581121.941176474,0.6452391324271776,0.1120708790646025,0.43197183108214754
metal,309,20125206531.0,65130118.22330097,30447451366.0,105354502.99653979,2.388827076832287,1.1503626525319408,1.8934413071121485
metalcore,90,2011233109.0,22347034.544444446,5846630772.0,65692480.584269665,0.12938471100554763,-0.28946979369387044,-0.038157090874219604
mexican hip hop,98,6897086828.0,70378437.02040817,5981644905.0,61037192.908163264,0.21192141843300843,0.09889395998069579,0.16671043505208338
mexican indie,30,2096421623.0,72290400.79310344,2851740281.0,95058009.36666666,-0.48964059470040827,-0.282698381169107,-0.40686370928788773
mexican rock,140,8715484355.0,62701326.29496403,12470177626.0,90363605.98550725,0.6452391324271776,0.24343363101341922,0.4845169318616742
mexican ska,40,1091236294.0,27280907.35,2323392939.0,62794403.75675676,-0.3864697104160823,-0.3625979381269734,-0.3769210015004387
minimalism,10,12003478.0,1200347.8,571742337.0,57174233.7,-0.6959823632690603,-0.4483833364659801,-0.5969427525478282
modern blues,20,479600378.0,23980018.9,1977165239.0,98858261.95,-0.5928114789847343,-0.41121527992257656,-0.5201729993598712
mollywood,55,852098978.0,18523890.826086957,564571118.0,10264929.418181818,-0.23171338398959332,-0.38160633891561374,-0.2916705659600015
moombahton,16,1547429481.0,96714342.5625,2344822103.0,195401841.91666666,-0.6340798326984647,-0.32633633295137987,-0.5109824327996307
moroccan pop,10,1664326150.0,166432615.0,519087912.0,57676434.666666664,-0.6959823632690603,-0.3170445219852945,-0.544407226755554
motown,155,1977898642.0,12760636.4,18399842059.0,124323257.1554054,0.7999954588536666,-0.2921194634292776,0.3631494899404889
mpb,237,6127003074.0,25852333.64556962,9217862271.0,40252673.672489084,1.6459967099851396,0.03768201329792585,1.0026708313102541
murga,49,1734727395.0,35402599.89795918,2529923390.0,58835427.674418606,-0.29361591456018893,-0.31144851085928826,-0.30074895307982863
musicals,57,2737283458.0,48022516.80701754,8088707101.0,149790872.24074075,-0.21107920713272812,-0.2317579473899494,-0.21935070323561665
música mexicana,405,27221561326.0,67884192.8329177,29619128271.0,74419920.27889447,3.379267565961816,1.7144333644477239,2.713333885356179
nederpop,10,200387187.0,20038718.7,382737418.0,38273741.8,-0.6959823632690603,-0.43340920736467925,-0.5909531009073079
neo soul,46,7604495515.0,165315119.89130434,7478534346.0,166189652.13333333,-0.3245671798454867,0.155124029251281,-0.13269069620677962
neo-psychedelic,16,451001257.0,28187578.5625,3539520756.0,221220047.25,-0.6340798326984647,-0.41348854936987106,-0.5458433193670272
neoclassical,49,704800032.0,14383674.122448979,2291965765.0,46774811.530612245,-0.29361591456018893,-0.39331474749084544,-0.33349544773245154
neomelodico,10,45683068.0,4568306.8,105033863.0,10503386.3,-0.6959823632690603,-0.44570623380452395,-0.5958719114832458
neue deutsche welle,19,99319767.0,5227356.157894737,316377112.0,16651426.94736842,-0.6031285674131669,-0.44144279266273384,-0.5384542575129937
new age,10,397482151.0,39748215.1,658949965.0,94135709.28571428,-0.6959823632690603,-0.41774264335116224,-0.5846864753019011
new jack swing,39,2545393923.0,65266510.84615385,2330356084.0,59752720.102564104,-0.3967867988445149,-0.24701074544521331,-0.33687637748479426
new rave,10,76055171.0,7605517.1,582030046.0,58203004.6,-0.6959823632690603,-0.4432920346478442,-0.5949062318205739
new wave,130,7552693911.0,58097645.46923077,11143597736.0,107149978.23076923,0.5420682481428516,0.1510064550190502,0.38564353089333103
new york drill,20,1856574707.0,92828735.35,6624102150.0,331205107.5,-0.5928114789847343,-0.30176318620876613,-0.4763921618743471
nightcore,16,31666785.0,2111119.0,79802734.0,4987670.875,-0.6340798326984647,-0.4468203515394199,-0.5591760402348468
noise music,40,3169472799.0,79236819.975,2540529709.0,63513242.725,-0.3864697104160823,-0.19740434525155984,-0.3108435643502733
norteño,448,29630660285.0,66436458.03811659,30462450585.0,69390548.02961275,3.822902368384418,1.9059263498091896,3.0561119609543264
norteño-sax,29,881689553.0,30403088.03448276,915996124.0,32714147.285714287,-0.4999576831288409,-0.3792542613788469,-0.4516763144288433
northern soul,27,348416487.0,12904314.333333334,3181410461.0,117830017.07407407,-0.5205918599857061,-0.4216427448571638,-0.4810122139342892
norwegian pop,9,692357730.0,76928636.66666667,790285956.0,131714326.0,-0.7062994516974929,-0.394303753586194,-0.5815011724529733
nova mpb,19,321564048.0,16924423.57894737,792953851.0,44052991.722222224,-0.6031285674131669,-0.4237771751133958,-0.5313880104932585
nu disco,9,216335494.0,24037277.111111112,705542882.0,88192860.25,-0.7062994516974929,-0.4321415180871251,-0.5966362782533458
nu jazz,20,317428060.0,15871403.0,892088214.0,46952011.2631579,-0.5928114789847343,-0.42410593399919433,-0.5253292609905184
nu metal,189,19706065592.0,104264897.31216931,29652712661.0,159423186.34946236,1.150776465420375,1.1170462337951885,1.1372843727703004
nueva trova,30,607491523.0,21696125.82142857,1044947738.0,34831591.266666666,-0.48964059470040827,-0.40104954676916893,-0.45420417552791253
old school hip hop,249,15481335582.0,62174038.48192771,28976837421.0,117792022.03658536,1.7698017711263307,0.78123347735413,1.3743744536174505
opera,100,1460697708.0,15058739.25773196,2244204785.0,22900048.826530613,0.23255559528987363,-0.33323041510413504,0.006241191132270146
opm,50,479338384.0,11983459.6,2957116958.0,59142339.16,-0.28329882613175633,-0.4112361051414906,-0.33447373773565003
orchestra,110,258498921.0,2393508.527777778,1639654106.0,15042698.220183486,0.3357264795741996,-0.42879005737641535,0.029919864793953616
outlaw country,65,2412205066.0,37110847.16923077,6718345044.0,104974141.3125,-0.12854249970526732,-0.25759757989156506,-0.18016453177978642
p-pop,50,479338384.0,11983459.6,2957116958.0,59142339.16,-0.28329882613175633,-0.4112361051414906,-0.33447373773565003
pagode,157,10082960627.0,64634362.993589744,6252046387.0,40077220.429487176,0.8206296357105318,0.3521307489786127,0.6332300810177641
pagode baiano,41,2620033841.0,63903264.414634146,1833597615.0,44721893.048780486,-0.3761526219876497,-0.24107781327090033,-0.32212269850094993
pentecostal,20,365181781.0,18259089.05,408055259.0,20402762.95,-0.5928114789847343,-0.42031011541638097,-0.523810933557393
philly soul,10,208571818.0,20857181.8,721655288.0,72165528.8,-0.6959823632690603,-0.4327586324190479,-0.5906928709290553
phonk,60,599941717.0,9999028.616666667,2931449415.0,48857490.25,-0.18012794184743033,-0.4016496611332713,-0.2687366295617667
pinoy alternative,20,178053140.0,8902657.0,810312350.0,40515617.5,-0.5928114789847343,-0.4351844824397258,-0.529760680366731
pinoy hip hop,10,96990426.0,9699042.6,404387896.0,40438789.6,-0.6959823632690603,-0.4416279458962067,-0.5942405963199189
pinoy indie,30,301285244.0,15064262.2,2146804608.0,71560153.6,-0.48964059470040827,-0.42538908428923633,-0.4639399905359395
pinoy r&b,10,145947621.0,14594762.1,629212221.0,62921222.1,-0.6959823632690603,-0.43773646630776963,-0.5926840044845441
pinoy rock,20,178053140.0,8902657.0,810312350.0,40515617.5,-0.5928114789847343,-0.4351844824397258,-0.529760680366731
piseiro,154,9774903408.0,80122159.08196722,9429387424.0,61229788.46753247,0.789678370425234,0.32764408507131204,0.6048646562836653
pop,66,53193754367.0,805965975.2575758,56003996336.0,848545399.030303,-0.11822541127683474,3.778895167988512,1.440622820429304
pop country,55,4936674907.0,89757725.58181818,10314782488.0,187541499.78181818,-0.23171338398959332,-0.056934064388350435,-0.16180165614909617
pop punk,129,11110862667.0,86130718.34883721,25224689572.0,197067887.28125,0.531751159714419,0.4338359979736336,0.4925850950181048
pop rock,50,1387941430.0,27758828.6,1774668718.0,36217728.93877551,-0.28329882613175633,-0.33901362165360444,-0.30558474434049554
pop urbaine,202,13382732712.0,66580759.76119403,10562646149.0,52550478.35323383,1.2848986149899988,0.614421015307634,1.016707575117053
pop urbano,37,14154450653.0,382552720.3513514,9524903947.0,257429836.4054054,-0.4174209757013801,0.6757628592476752,0.01985255827824206
pop worship,55,2819355429.0,51261007.8,3132721464.0,71198215.0909091,-0.23171338398959332,-0.22523426073001523,-0.22912173468576208
popular colombian music,20,767373967.0,38368698.35,553911730.0,27695586.5,-0.5928114789847343,-0.3883409087972543,-0.5110232509097423
post-grunge,190,13941861972.0,73378220.90526316,26681406479.0,144223818.8054054,1.1610935538488076,0.6588647401286314,0.9602020283607371
post-hardcore,30,1281730437.0,42724347.9,3555979775.0,118532659.16666667,-0.48964059470040827,-0.34745605613799696,-0.4327667792754437
post-punk,50,1265350172.0,25307003.44,2815491119.0,78208086.6388889,-0.28329882613175633,-0.34875808062899755,-0.3094825279306528
power metal,20,618932139.0,30946606.95,984744150.0,54708008.333333336,-0.5928114789847343,-0.4001401620782538,-0.5157429522221422
power pop,10,217099853.0,21709985.3,801055106.0,80105510.6,-0.6959823632690603,-0.4320807611861887,-0.5904217224359116
progressive house,28,2431029837.0,86822494.17857143,4274201642.0,158303764.5185185,-0.5102747715572735,-0.2561012480019725,-0.40860536213515314
progressive metal,20,363316569.0,18165828.45,973855290.0,48692764.5,-0.5928114789847343,-0.4204583762476256,-0.5238702378898908
progressive rock,60,1087457167.0,18124286.116666667,4361326189.0,106373809.48780487,-0.18012794184743033,-0.36289833106375446,-0.25323609753396
progressive trance,9,965381628.0,107264625.33333333,1079029309.0,119892145.44444445,-0.7062994516974929,-0.37260179688253653,-0.5728203897715103
proto-punk,60,655878285.0,10931304.75,3642129675.0,60702161.25,-0.18012794184743033,-0.39720340941032795,-0.2669581288725894
psychedelic rock,70,1151864416.0,16693687.188405797,10628572629.0,174238895.55737704,-0.07695705756310434,-0.3577787670276433,-0.1892857413489199
psychobilly,20,102729468.0,5136473.4,426005417.0,21300270.85,-0.5928114789847343,-0.4411717644340093,-0.5321555931644444
punjabi hip hop,68,5957898341.0,87616152.0735294,2739894505.0,44191846.85483871,-0.09759123441996953,0.024240319655600227,-0.04885861278974162
punjabi pop,106,15602948510.0,147197627.4528302,4103704978.0,41037049.78,0.2944581258604692,0.7909001714325399,0.4930349440892975
punk,140,7606085729.0,54329183.77857143,20960964602.0,149721175.72857141,0.6452391324271776,0.15525043120960902,0.44924365194015015
qawwali,62,7945164953.0,130248605.78688525,1846437120.0,29781243.870967742,-0.15949376499056514,0.18220295328647781,-0.02281507767974794
quiet storm,68,2108199719.0,31002937.04411765,4775266820.0,70224512.05882353,-0.09759123441996953,-0.2817621710742547,-0.1712596090816836
r&b,290,22018831660.0,76189728.92733563,41459215255.0,144457196.01045296,2.192802396692067,1.3008819692055158,1.8360342256974467
rage rap,19,419827229.0,22096169.94736842,3524576727.0,185504038.2631579,-0.6031285674131669,-0.415966491450731,-0.5282637370281926
ragga,39,1536650461.0,39401293.87179487,1439504164.0,36910363.179487176,-0.3967867988445149,-0.3271931291038832,-0.3689493309482622
ranchera,218,16786558479.0,78441862.05140187,16891641815.0,79677555.73113208,1.4499720298449201,0.8849822371030527,1.2239761127481732
rap,221,33777558015.0,154235424.7260274,69594587462.0,317783504.39269406,1.480923295130218,2.2355524215567826,1.7827749457008437
rap metal,138,17259008918.0,125065282.01449275,26547932160.0,193780526.71532845,0.6246049555703124,0.922536088787501,0.7437774088571878
rap rock,78,2882367145.0,36953424.93589743,9445998278.0,121102542.02564102,0.005579649864356456,-0.22022562396791331,-0.08474245966855146
raï,10,1096435652.0,109643565.2,449908655.0,44990865.5,-0.6959823632690603,-0.3621846547366571,-0.562463279856099
red dirt,30,407580266.0,13586008.866666667,2733758111.0,91125270.36666666,-0.48964059470040827,-0.41693997055905907,-0.46056034504386856
reggae,139,9099649397.0,68936737.85606061,12099373830.0,87045854.89208633,0.634922043998745,0.2739699070303368,0.4905411892113817
reggae rock,10,266067986.0,26606798.6,1625940793.0,162594079.3,-0.6959823632690603,-0.4281884121646941,-0.5888647828273138
reggaeton,642,128816734612.0,209458105.0601626,123032725429.0,194980547.4310618,5.824417523500342,9.78996839308229,7.410637871333122
reggaeton chileno,74,2243322038.0,30315162.675675675,3309720634.0,44725954.51351351,-0.03568870384937394,-0.2710216507823798,-0.12982188262257627
reggaeton mexa,10,120356945.0,12035694.5,183089458.0,18308945.8,-0.6959823632690603,-0.43977060231797827,-0.5934976588886275
requiem,46,55821912.0,1240486.9333333333,642297733.0,13962994.195652174,-0.3245671798454867,-0.4449003235705666,-0.37270043733551866
retro pop,10,4467630.0,446763.0,506988314.0,50698831.4,-0.6959823632690603,-0.44898234134511106,-0.5971823544994805
retro soul,10,161994000.0,16199400.0,1320395617.0,132039561.7,-0.6959823632690603,-0.4364609815430313,-0.5921738105786487
riddim,29,462559163.0,15950315.965517242,632050241.0,21794835.896551725,-0.4999576831288409,-0.4125698416031358,-0.4650025465185589
rkt,58,2276781684.0,39254856.62068965,1731540115.0,29854139.913793102,-0.20076211870429553,-0.26836203089514304,-0.22780208358063453
rock,459,65570675759.0,142855502.7429194,110873115733.0,265246688.35645932,3.9363903410971766,4.762704329535814,4.266915936472632
rock and roll,40,4803554463.0,120088861.575,12665865607.0,316646640.175,-0.3864697104160823,-0.06751546086397932,-0.2588880105952411
rock en español,383,17471528932.0,45736986.73298429,26020281575.0,71879230.87016575,3.152291620536299,0.9394287497460252,2.2671464722201895
rockabilly,50,1170187945.0,23403758.9,4771177330.0,95423546.6,-0.28329882613175633,-0.35632227755573553,-0.31250820670134805
roots reggae,60,3778074965.0,71284433.3018868,6682001870.0,111366697.83333333,-0.18012794184743033,-0.1490281483214136,-0.16768802443702363
roots rock,20,186764945.0,9338247.25,1897046344.0,94852317.2,-0.5928114789847343,-0.4344920038094459,-0.5294836889146189
sad sierreño,160,5582763528.0,35111720.30188679,9093864981.0,56836656.13125,0.8515809009958296,-0.005578167038779345,0.508717273781986
salsa,158,13223795682.0,84227997.9745223,10237700201.0,66478572.733766235,0.8309467241389644,0.6017875258258162,0.7392830448137051
samba,168,8091103733.0,48449722.95209581,5901797445.0,35986569.78658537,0.9341176084232904,0.19380324581817623,0.6379918633812447
sandalwood,44,1400142374.0,35003559.35,543934801.0,12362154.568181818,-0.3452013567023519,-0.33804380047541677,-0.3423383342115779
schlager,19,240398724.0,12652564.421052631,484267765.0,25487777.10526316,-0.6031285674131669,-0.4302287947708308,-0.5339686583562324
schlagerparty,10,215270689.0,21527068.9,422695029.0,42269502.9,-0.6959823632690603,-0.43222615665604563,-0.5904798806238545
screamo,40,1432676722.0,35816918.05,3918284889.0,97957122.225,-0.3864697104160823,-0.33545773010996577,-0.3660649182936357
seresta,37,2675389573.0,72307826.2972973,1953175643.0,52788530.89189189,-0.4174209757013801,-0.23667773068485773,-0.34512367769477115
sertanejo,305,14746414722.0,71933730.3512195,19370788926.0,64569296.42,2.3475587231185564,0.7228165372944186,1.6976618487889015
sertanejo tradicional,70,3693042982.0,71020057.34615384,1900952443.0,28802309.742424242,-0.07695705756310434,-0.15578711860573696,-0.10848908198015739
sertanejo universitário,225,10465508453.0,77522284.83703704,16169811565.0,72510365.76233184,1.5221916488439484,0.38253847671873265,1.0663303799938622
shatta,19,586099116.0,30847321.89473684,514867580.0,27098293.684210528,-0.6031285674131669,-0.40274997333952367,-0.5229771297837096
shibuya-kei,10,2903446.0,290344.6,95888322.0,9588832.2,-0.6959823632690603,-0.4491066742467113,-0.5972320876601207
shoegaze,50,1322384055.0,26447681.1,3015615902.0,62825331.291666664,-0.28329882613175633,-0.34422460620212714,-0.30766913815990465
sholawat,10,856817409.0,85681740.9,121473655.0,12147365.5,-0.6959823632690603,-0.38123128315668087,-0.5700819312241086
sierreño,186,11576663298.0,62576558.36756757,13315700854.0,71589789.5376344,1.1198252001350772,0.4708612737848314,0.8602396295949789
singer-songwriter,130,2250117821.0,17579045.4765625,11888591569.0,92159624.56589147,0.5420682481428516,-0.27048147173756426,0.2170483601906852
ska,99,3360484174.0,33944284.58585858,6908447139.0,74284377.83870968,0.22223850686144103,-0.18222134984155333,0.06045456418024328
ska punk,10,266067986.0,26606798.6,1625940793.0,162594079.3,-0.6959823632690603,-0.4281884121646941,-0.5888647828273138
skate punk,40,2939283272.0,73482081.8,7893711559.0,197342788.975,-0.3864697104160823,-0.21570150965798623,-0.31816243011284384
slap house,36,1103483771.0,30652326.972222224,5119717116.0,146277631.8857143,-0.4277380641298127,-0.36162441816212754,-0.4012926057427386
slowcore,20,79159548.0,3957977.4,728595459.0,36429772.95,-0.5928114789847343,-0.44304527582658587,-0.5329049977214749
smooth jazz,40,524687621.0,13117190.525,1597585625.0,39939640.625,-0.3864697104160823,-0.40763141271299885,-0.3949343913348489
soca,39,651455055.0,16703975.76923077,809607863.0,20759175.974358976,-0.3967867988445149,-0.3975550004126303,-0.39709407947176106
soft pop,108,58408472150.0,540819186.574074,64862305736.0,600576904.962963,0.3150923027173344,4.193399467346434,1.8664151685689743
soft rock,189,8695245126.0,48040028.32044199,29595677357.0,159976634.36216217,1.150776465420375,0.2418248675509863,0.7871958262726194
son cubano,32,509881627.0,15933800.84375,1385454304.0,44692074.32258064,-0.4690064178435431,-0.40880830251310935,-0.4449271717113696
soul,156,2232451511.0,14310586.608974358,17350262728.0,114146465.31578948,0.8103125472820992,-0.27188572058736055,0.3774332401343153
soul blues,39,564257901.0,14468151.307692308,4008545277.0,102783212.23076923,-0.3967867988445149,-0.4044860744858243,-0.39986650910103866
soul jazz,30,286606261.0,9553542.033333333,1959638475.0,65321282.5,-0.48964059470040827,-0.4265558783166212,-0.46440670814689344
soundtrack,171,871136170.0,5185334.345238095,5467165121.0,32542649.529761903,0.9650688737085882,-0.38009312223542696,0.42700407533098206
southern hip hop,151,7454215194.0,49694767.96,13309206827.0,88728045.51333334,0.7587271051399362,0.14317863896257538,0.5125077186689918
southern rock,59,1445036044.0,24492136.33898305,9643237319.0,163444700.3220339,-0.19044503027586293,-0.33447531987813117,-0.2480571461167702
spanish-language reggae,40,3755656316.0,93891407.9,2300707713.0,57517692.825,-0.3864697104160823,-0.1508101481885186,-0.29220588552505683
speed metal,30,329804471.0,10993482.366666667,1826201933.0,60873397.766666666,-0.48964059470040827,-0.4231221654073743,-0.4630332229831947
stoner rock,20,788551020.0,39427551.0,1152890817.0,104808256.0909091,-0.5928114789847343,-0.38665760015400485,-0.5103499274524426
stutter house,9,15944504.0,1771611.5555555555,409836136.0,45537348.44444445,-0.7062994516974929,-0.4480700746004566,-0.6030077008586784
sufi,109,12209434782.0,115183347.0,3402849299.0,31218800.90825688,0.325409391145767,0.521158626689364,0.4037090853632058
surf rock,9,168790226.0,18754469.555555556,2233176930.0,248130770.0,-0.7062994516974929,-0.43592076728530255,-0.5981479779326168
swedish pop,10,1469291594.0,146929159.4,1412475292.0,141247529.2,-0.6959823632690603,-0.3325473095472429,-0.5506083417803334
swing music,37,450872839.0,12185752.405405406,5343084389.0,148419010.80555555,-0.4174209757013801,-0.41349875698135263,-0.4158520882133691
symphonic metal,20,618932139.0,30946606.95,984744150.0,54708008.333333336,-0.5928114789847343,-0.4001401620782538,-0.5157429522221422
synthpop,86,6245895545.0,72626692.38372093,8015720043.0,109804384.15068494,0.08811635729181724,0.04713246535334575,0.07172280051642864
t-pop,20,814774655.0,40738732.75,516358611.0,25817930.55,-0.5928114789847343,-0.3845731518857345,-0.5095161481451345
taiwanese pop,40,1603444369.0,41113958.179487176,1410914087.0,35272852.175,-0.3864697104160823,-0.3218838557761539,-0.3606353685601109
tamil dance,114,5150486352.0,47689688.44444445,2294307130.0,20125501.14035088,0.37699483328793004,-0.03993875095195505,0.210221399591976
tamil hip hop,33,1342592320.0,44753077.333333336,741247400.0,22462042.424242426,-0.4586893294151105,-0.34261830398719784,-0.4122609192439454
tamil pop,291,13099761441.0,49620308.48863637,5004756032.0,17198474.33676976,2.2031194851205,0.5919283678998203,1.558643038232228
tech house,17,178434687.0,10496158.05882353,797757871.0,46926933.5882353,-0.6237627442700321,-0.43515415426503096,-0.5483193082680317
tejano,88,3590051243.0,40796036.85227273,4456256650.0,54344593.29268292,0.10875053414868245,-0.16397366299611993,-0.0003391447092385147
telugu pop,171,8419641455.0,54320267.451612905,2619643651.0,15319553.514619883,0.9650688737085882,0.21991785142813006,0.6670084647964049
texas country,20,333150780.0,16657539.0,1966211909.0,98310595.45,-0.5928114789847343,-0.4228561760431939,-0.5248293578081182
thrash metal,40,3261162487.0,81529062.175,2589005002.0,78454697.03030303,-0.3864697104160823,-0.1901161713820773,-0.3079282948024803
tollywood,151,5388126336.0,39329389.31386861,2442305366.0,16174207.721854305,0.7587271051399362,-0.021049369174005867,0.44681651541435935
traditional country,46,989902815.0,21519626.413043477,2635931384.0,59907531.45454545,-0.3245671798454867,-0.37065267176017713,-0.3430013766113629
trance,23,1408185102.0,61225439.217391305,3128077078.0,148956051.33333334,-0.5618602136994365,-0.33740450502870356,-0.4720779302311433
trap,242,22283646438.0,92081183.62809917,23495426715.0,97088540.1446281,1.6975821521273025,1.3219314043968802,1.5473218530351334
trap funk,158,9685905056.0,62089134.974358976,7084425639.0,45123730.18471338,0.8309467241389644,0.32056983847257337,0.6267959698724079
trap latino,283,59343235931.0,211185892.99288255,53879548792.0,190387098.204947,2.120582777693039,4.2677013993458415,2.97943022635416
trap metal,64,1485399708.0,23209370.4375,5485482475.0,85710663.671875,-0.13885958813369992,-0.33126691762856336,-0.2158225199316453
trap soul,32,4298107933.0,134315872.90625,7231835081.0,225994846.28125,-0.4690064178435431,-0.10769208565919748,-0.3244806849698048
trip hop,40,577472152.0,14436803.8,1717364833.0,53667651.03125,-0.3864697104160823,-0.40343570818025914,-0.39325610952175305
tropical house,59,9022661599.0,152926467.77966103,17461246502.0,311807973.25,-0.19044503027586293,0.267850348005852,-0.007126878963176944
tropical music,20,2888666773.0,144433338.65,524663557.0,26233177.85,-0.5928114789847343,-0.21972488298843632,-0.4435768405862151
trova,50,766953757.0,16318165.042553192,1945999377.0,38919987.54,-0.28329882613175633,-0.3883743101928583,-0.3253290197561971
turkish hip hop,69,1869618200.0,27095915.942028984,2604124031.0,38295941.63235294,-0.08727414599153693,-0.30072639301071996,-0.17265504479921015
turkish pop,129,4237101453.0,32845747.69767442,4100898500.0,31789910.85271318,0.531751159714419,-0.11254133144793992,0.2740341632494754
turreo,58,2658560970.0,45837258.10344828,1646124575.0,28381458.189655174,-0.20076211870429553,-0.23801539239273153,-0.21566342817966994
uk drill,62,2372419055.0,38264823.46774194,5337634475.0,86090878.62903225,-0.15949376499056514,-0.2607600660125904,-0.20000028539937525
uk funky,10,341110439.0,34111043.9,25016166.0,2501616.6,-0.6959823632690603,-0.42222348353437233,-0.5864788113751851
uk grime,52,2127239554.0,40908452.961538464,5705910233.0,109729042.9423077,-0.26266464927489114,-0.2802487443088996,-0.26969828728849454
underground hip hop,37,489451144.0,13228409.297297297,3481215443.0,94086903.86486487,-0.4174209757013801,-0.41043226825657997,-0.41462549272346005
urbano latino,295,61161790633.0,212367328.58680555,61829950542.0,210305954.2244898,2.24438783883423,4.412253563808883,3.1115341288240916
vallenato,36,4901845608.0,140052731.65714285,2294382331.0,63732842.527777776,-0.4277380641298127,-0.059702554415977035,-0.28052386024427844
variété française,39,2837349943.0,72752562.64102565,3249627109.0,83323772.02564102,-0.3967867988445149,-0.22380392380129935,-0.3275936488272287
villancicos,63,3118723897.0,51126621.26229508,5983524921.0,96508466.46774194,-0.14917667656213254,-0.20143824295073542,-0.1700813031175737
vocal jazz,106,958217734.0,9039789.943396226,9768519956.0,92155848.64150943,0.2944581258604692,-0.3731712361094924,0.02740638107248458
vocaloid,10,782190674.0,78219067.4,540545456.0,54054545.6,-0.6959823632690603,-0.3871631674487487,-0.5724546849409357
west coast hip hop,170,11555303184.0,67972371.67058824,21687706677.0,130648835.40361446,0.9547517852801556,0.4691634141007198,0.7605164368083812
witch house,20,90523961.0,4764419.0,1143477391.0,57173869.55,-0.5928114789847343,-0.44214194831315157,-0.5325436667161012
worship,171,8576232056.0,50153403.83625731,7105146351.0,44969280.70253164,0.9650688737085882,0.23236482939597705,0.6719872559835437
yacht rock,150,2875866106.0,20252578.211267605,21789285400.0,148226431.292517,0.7484100167115035,-0.220742374581835,0.3607490601941681
zouk,9,459328285.0,51036476.11111111,292633782.0,32514864.666666668,-0.7062994516974929,-0.41282665565855153,-0.5889103332819163
